event_name,total_events,empirical_risk,risk_std,vol_expansion_rate,trend_danger_rate,affected_pairs,event_category
"Core CPI MM, SA",22,1.0,0.0,0.4090909090909091,0.3181818181818182,2,inflation
S&P Global SVC PMI Final SA,16,1.0,0.0,0.125,0.0625,2,pmi
Services YY,24,1.0,0.0,0.25,0.0,2,pmi
"Core CPI MM, SA*",54,1.0,0.0,0.5,0.25925925925925924,2,inflation
Core CPI MM*,54,1.0,0.0,0.42592592592592593,0.09259259259259259,2,inflation
CPI MM*,54,1.0,0.0,0.42592592592592593,0.09259259259259259,2,inflation
GDP QQ *,14,1.0,0.0,0.0,0.0,2,gdp
"Core CPI YY, NSA",24,1.0,0.0,0.375,0.2916666666666667,2,inflation
Services MM*,54,1.0,0.0,0.24074074074074073,0.07407407407407407,2,pmi
GDP Final*,18,1.0,0.0,0.3333333333333333,0.16666666666666666,2,gdp
GDP Prelim QQ*,18,1.0,0.0,0.2222222222222222,0.1111111111111111,2,gdp
JibunBK Mfg PMI Final SA,62,1.0,0.0,0.1774193548387097,0.016129032258064516,2,pmi
Avg Earnings (Ex-Bonus)*,78,1.0,0.0,0.2692307692307692,0.05128205128205128,2,employment
Non-Farm Payrolls,30,1.0,0.0,0.4,0.06666666666666667,2,employment
CPI YY*,54,1.0,0.0,0.42592592592592593,0.09259259259259259,2,inflation
Core CPI YY*,54,1.0,0.0,0.42592592592592593,0.09259259259259259,2,inflation
"Core CPI YY, NSA*",54,1.0,0.0,0.5,0.25925925925925924,2,inflation
"CPI YY, NSA",24,1.0,0.0,0.375,0.2916666666666667,2,inflation
Services MM,24,1.0,0.0,0.25,0.0,2,pmi
"CPI MM, SA*",54,1.0,0.0,0.5,0.25925925925925924,2,inflation
Non-Farm Payrolls*,56,1.0,0.0,0.5892857142857143,0.375,2,employment
CPI Services YY *,50,1.0,0.0,0.26,0.06,2,pmi
GDP Cons Spending Final*,18,1.0,0.0,0.3333333333333333,0.16666666666666666,2,gdp
Core CPI MM,24,1.0,0.0,0.16666666666666666,0.041666666666666664,2,inflation
JibunBK SVC PMI Final SA *,56,1.0,0.0,0.16071428571428573,0.05357142857142857,2,pmi
GDP Prelim YY*,18,1.0,0.0,0.2222222222222222,0.1111111111111111,2,gdp
Avg Wk Earnings 3M YY*,78,1.0,0.0,0.2692307692307692,0.05128205128205128,2,employment
GDP YY *,14,1.0,0.0,0.0,0.0,2,gdp
CPI Services MM *,50,1.0,0.0,0.26,0.06,2,pmi
S&P GLOBAL SERVICE PMI,78,1.0,0.0,0.20512820512820512,0.038461538461538464,2,pmi
"CPI YY, NSA*",54,1.0,0.0,0.5,0.25925925925925924,2,inflation
S&P Global Mfg PMI Final SA,16,1.0,0.0,0.0,0.0,2,pmi
Core CPI YY,24,1.0,0.0,0.16666666666666666,0.041666666666666664,2,inflation
"CPI MM, SA",22,1.0,0.0,0.4090909090909091,0.3181818181818182,2,inflation
Services YY*,54,1.0,0.0,0.24074074074074073,0.07407407407407407,2,pmi
CPI MM,24,1.0,0.0,0.16666666666666666,0.041666666666666664,2,inflation
CPI YY,37,0.7837837837837838,0.4173417953838007,0.2702702702702703,0.08108108108108109,3,inflation
CPI NSA*,154,0.5909090909090909,0.4932702180563818,0.2857142857142857,0.05194805194805195,3,inflation
FFR Projection-2nd Yr*,18,0.3888888888888889,0.5016313257045503,0.7222222222222222,0.3888888888888889,2,auction
FFR Projection-Current*,18,0.3888888888888889,0.5016313257045503,0.7222222222222222,0.3888888888888889,2,auction
FFR Projection-1st Yr*,18,0.3888888888888889,0.5016313257045503,0.7222222222222222,0.3888888888888889,2,auction
FFR Projection-Longer*,18,0.3888888888888889,0.5016313257045503,0.7222222222222222,0.3888888888888889,2,auction
CPI QQ,13,0.38461538461538464,0.5063696835418333,0.46153846153846156,0.15384615384615385,1,inflation
"GDP Prod Based YY, SA",13,0.38461538461538464,0.5063696835418333,0.46153846153846156,0.23076923076923078,1,gdp
Labor Force Partic*,56,0.375,0.48850421045919723,0.5892857142857143,0.375,2,auction
Average Workweek Hrs*,56,0.375,0.48850421045919723,0.5892857142857143,0.375,2,auction
Private Payrolls*,56,0.375,0.48850421045919723,0.5892857142857143,0.375,2,auction
Government Payrolls*,56,0.375,0.48850421045919723,0.5892857142857143,0.375,2,auction
Manufacturing Payrolls*,56,0.375,0.48850421045919723,0.5892857142857143,0.375,2,auction
U6 Underemployment*,56,0.375,0.48850421045919723,0.5892857142857143,0.375,2,auction
Average Earnings MM*,56,0.375,0.48850421045919723,0.5892857142857143,0.375,2,employment
Average Earnings YY*,56,0.375,0.48850421045919723,0.5892857142857143,0.375,2,employment
Real Weekly Earnings MM,20,0.35,0.4893604849295929,0.45,0.35,2,employment
JP BOJ Rate Decision*,44,0.3409090909090909,0.4794949774542018,0.6590909090909091,0.3409090909090909,2,auction
"CPI Index, NSA",24,0.2916666666666667,0.4643056214875365,0.375,0.2916666666666667,2,inflation
Fed Funds Tgt Rate *,32,0.28125,0.4568034093991743,0.65625,0.28125,2,auction
Fed Int On Excess Reserves*,32,0.28125,0.4568034093991743,0.65625,0.28125,2,auction
PCE Svs Exl Eng & Hsg (F) *,18,0.2777777777777778,0.4608885989624768,0.3888888888888889,0.2777777777777778,2,auction
"PCE Ex Fd, Eng & Hsg (F) *",18,0.2777777777777778,0.4608885989624768,0.3888888888888889,0.2777777777777778,2,auction
BOE MPC Vote Unchanged*,36,0.2777777777777778,0.45425676257949793,0.5,0.2777777777777778,2,auction
BOE MPC Vote Cut*,36,0.2777777777777778,0.45425676257949793,0.5,0.2777777777777778,2,auction
Corporate Profits Revised*,18,0.2777777777777778,0.4608885989624768,0.5,0.2777777777777778,2,auction
BOE MPC Vote Hike*,36,0.2777777777777778,0.45425676257949793,0.5,0.2777777777777778,2,auction
BOE Bank Rate*,36,0.2777777777777778,0.45425676257949793,0.5,0.2777777777777778,2,auction
CPI Index  SA*,78,0.2692307692307692,0.44643106892408296,0.46153846153846156,0.2692307692307692,2,inflation
"Core CPI Index, SA*",78,0.2692307692307692,0.44643106892408296,0.46153846153846156,0.2692307692307692,2,inflation
S&P Global Comp Final PMI,52,0.2692307692307692,0.4478876178801743,0.6538461538461539,0.19230769230769232,2,pmi
CPI Wage Earner *,78,0.2692307692307692,0.44643106892408296,0.46153846153846156,0.2692307692307692,2,inflation
"CPI Index, NSA*",54,0.25925925925925924,0.44234304049988876,0.5,0.25925925925925924,2,inflation
Real Weekly Earnings MM*,54,0.25925925925925924,0.44234304049988876,0.5,0.25925925925925924,2,employment
"GDP Prod Based QQ, SA",13,0.23076923076923078,0.4385290096535146,0.46153846153846156,0.23076923076923078,1,gdp
"GDP Exp Based QQ, SA",13,0.23076923076923078,0.4385290096535146,0.46153846153846156,0.23076923076923078,1,gdp
"GDP Prod Based, Ann Avg",13,0.23076923076923078,0.4385290096535146,0.46153846153846156,0.23076923076923078,1,gdp
Unemployment Rate*,100,0.23,0.42295258468165076,0.39,0.23,4,auction
CPI MM NSA*,152,0.2236842105263158,0.4180903989997814,0.34868421052631576,0.1513157894736842,4,inflation
ISM N-Mfg PMI,78,0.21794871794871795,0.4155245752788548,0.3974358974358974,0.07692307692307693,2,pmi
CPI Prelim MM *,28,0.21428571428571427,0.41785544701867244,0.5714285714285714,0.21428571428571427,1,inflation
HICP Prelim YY *,28,0.21428571428571427,0.41785544701867244,0.5714285714285714,0.21428571428571427,1,auction
CPI Prelim YY *,28,0.21428571428571427,0.41785544701867244,0.5714285714285714,0.21428571428571427,1,inflation
HICP Prelim MM *,28,0.21428571428571427,0.41785544701867244,0.5714285714285714,0.21428571428571427,1,auction
HCOB Composite Final PMI,38,0.21052631578947367,0.4131549501122744,0.3157894736842105,0.21052631578947367,1,auction
HCOB Services PMI,38,0.21052631578947367,0.4131549501122744,0.3157894736842105,0.21052631578947367,1,auction
Retail Sales MM *,54,0.2037037037037037,0.40653295392567285,0.5370370370370371,0.2037037037037037,2,auction
Retail Control *,54,0.2037037037037037,0.40653295392567285,0.5370370370370371,0.2037037037037037,2,auction
Retail Ex Gas/Autos *,54,0.2037037037037037,0.40653295392567285,0.5370370370370371,0.2037037037037037,2,auction
Retail Sales Ex-Autos MM *,54,0.2037037037037037,0.40653295392567285,0.5370370370370371,0.2037037037037037,2,auction
Monthly Home Price Index,20,0.2,0.41039134083406165,0.4,0.2,2,auction
Monthly Home Price YY,20,0.2,0.41039134083406165,0.4,0.2,2,auction
Monthly Home Price MM,20,0.2,0.41039134083406165,0.4,0.2,2,auction
CaseShiller 20 MM SA*,20,0.2,0.41039134083406165,0.4,0.2,2,auction
ADP National Employment,20,0.2,0.41039134083406165,0.35,0.2,2,auction
CaseShiller 20 MM NSA*,20,0.2,0.41039134083406165,0.4,0.2,2,auction
Current Account*,26,0.19230769230769232,0.40191847623425014,0.23076923076923078,0.19230769230769232,2,auction
ADP National Employment*,52,0.19230769230769232,0.3979585917202717,0.3269230769230769,0.19230769230769232,2,auction
S&P Global Comp PMI Flash,26,0.19230769230769232,0.40191847623425014,0.4230769230769231,0.19230769230769232,2,auction
S&P Global Comp PMI Final,26,0.19230769230769232,0.40191847623425014,0.4230769230769231,0.11538461538461539,2,pmi
BOE Bank Rate,16,0.1875,0.40311288741492746,0.5625,0.1875,2,auction
Fed Int On Excess Reserves,16,0.1875,0.4031128874149275,0.625,0.1875,2,auction
BOE MPC Vote Unchanged,16,0.1875,0.40311288741492746,0.5625,0.1875,2,auction
BOE MPC Vote Hike,16,0.1875,0.40311288741492746,0.5625,0.1875,2,auction
BOE MPC Vote Cut,16,0.1875,0.40311288741492746,0.5625,0.1875,2,auction
Jobless Clm 4Wk Avg*,240,0.1875,0.39112807563267193,0.425,0.1875,2,employment
Fed Funds Tgt Rate,16,0.1875,0.4031128874149275,0.625,0.1875,2,auction
PPI exFood/Energy MM*,54,0.18518518518518517,0.3920951980127811,0.6481481481481481,0.18518518518518517,2,inflation
PPI ex Food/Energy/Tr MM*,54,0.18518518518518517,0.3920951980127811,0.6481481481481481,0.18518518518518517,2,auction
PPI Final Demand YY*,54,0.18518518518518517,0.3920951980127811,0.6481481481481481,0.18518518518518517,2,inflation
PPI ex Food/Energy/Tr YY*,54,0.18518518518518517,0.3920951980127811,0.6481481481481481,0.18518518518518517,2,auction
PPI exFood/Energy YY*,54,0.18518518518518517,0.3920951980127811,0.6481481481481481,0.18518518518518517,2,inflation
PPI Final Demand MM*,54,0.18518518518518517,0.3920951980127811,0.6481481481481481,0.18518518518518517,2,inflation
Cash Rate,22,0.18181818181818182,0.39477101697586137,0.5909090909090909,0.18181818181818182,1,auction
U Mich 1Yr Inf Prelim,22,0.18181818181818182,0.39477101697586137,0.4090909090909091,0.18181818181818182,2,auction
U Mich 5-Yr Inf Prelim,22,0.18181818181818182,0.39477101697586137,0.4090909090909091,0.18181818181818182,2,auction
Initial Jobless Clm*,228,0.17982456140350878,0.3848862351651858,0.4166666666666667,0.17982456140350878,2,auction
Cont Jobless Clm*,228,0.17982456140350878,0.3848862351651858,0.4166666666666667,0.17982456140350878,2,auction
Philly Fed 6M Index*,78,0.1794871794871795,0.38624363966821407,0.3333333333333333,0.1794871794871795,2,auction
Philly Fed Employment*,78,0.1794871794871795,0.38624363966821407,0.3333333333333333,0.1794871794871795,2,auction
Philly Fed Prices Paid*,78,0.1794871794871795,0.38624363966821407,0.3333333333333333,0.1794871794871795,2,auction
Philly Fed Capex Index*,78,0.1794871794871795,0.38624363966821407,0.3333333333333333,0.1794871794871795,2,auction
Philly Fed New Orders*,78,0.1794871794871795,0.38624363966821407,0.3333333333333333,0.1794871794871795,2,auction
Philly Fed Business Indx*,78,0.1794871794871795,0.38624363966821407,0.3333333333333333,0.1794871794871795,2,auction
CPI Less Food and Energy*,76,0.17105263157894737,0.37905700168485973,0.2236842105263158,0.02631578947368421,2,inflation
Productivity Revised*,18,0.16666666666666666,0.3834824944236852,0.2222222222222222,0.16666666666666666,2,auction
Unit Labor Costs Revised*,18,0.16666666666666666,0.3834824944236852,0.2222222222222222,0.16666666666666666,2,auction
GDP Sales Final*,18,0.16666666666666666,0.3834824944236852,0.3333333333333333,0.16666666666666666,2,gdp
Wholesale Inventories Adv,18,0.16666666666666666,0.3834824944236852,0.16666666666666666,0.16666666666666666,2,auction
"PCE Ex Fd, Eng & Hsg (P) *",12,0.16666666666666666,0.38924947208076144,0.25,0.16666666666666666,2,auction
Productivity Prelim,12,0.16666666666666666,0.38924947208076144,0.16666666666666666,0.16666666666666666,2,auction
Productivity Prelim*,18,0.16666666666666666,0.3834824944236852,0.3888888888888889,0.16666666666666666,2,auction
Unit Labor Costs Prelim,12,0.16666666666666666,0.38924947208076144,0.16666666666666666,0.16666666666666666,2,auction
Retail Inventories Ex-Auto Adv,18,0.16666666666666666,0.3834824944236852,0.16666666666666666,0.16666666666666666,2,auction
Core PCE Prices Fnal*,18,0.16666666666666666,0.3834824944236852,0.3333333333333333,0.16666666666666666,2,inflation
S&P Global Svcs PMI Final,78,0.16666666666666666,0.3750901767477264,0.5769230769230769,0.16666666666666666,2,pmi
Unit Labor Costs Prelim *,18,0.16666666666666666,0.3834824944236852,0.3888888888888889,0.16666666666666666,2,auction
Manufacturing PMI,12,0.16666666666666666,0.3892494720807615,0.16666666666666666,0.16666666666666666,1,auction
GDP Deflator Final*,18,0.16666666666666666,0.3834824944236852,0.3333333333333333,0.16666666666666666,2,auction
Adv Goods Trade Balance,18,0.16666666666666666,0.3834824944236852,0.16666666666666666,0.16666666666666666,2,auction
CBI Business Optimism,18,0.16666666666666666,0.3834824944236852,0.3333333333333333,0.16666666666666666,2,auction
PCE Svs Exl Eng & Hsg (P) *,12,0.16666666666666666,0.38924947208076144,0.25,0.16666666666666666,2,auction
PCE Prices Final *,18,0.16666666666666666,0.3834824944236852,0.3333333333333333,0.16666666666666666,2,inflation
Industrial Production YY SA*,37,0.16216216216216217,0.37368387661182234,0.2972972972972973,0.16216216216216217,1,auction
Industrial Production MM*,82,0.15853658536585366,0.36749106632702194,0.3170731707317073,0.15853658536585366,2,auction
Industrial Production YoY*,82,0.15853658536585366,0.36749106632702194,0.3170731707317073,0.15853658536585366,2,auction
Manuf Output MM*,82,0.15853658536585366,0.36749106632702194,0.3170731707317073,0.15853658536585366,2,auction
S&P Global Mfg PMI Final,76,0.15789473684210525,0.3670651741928988,0.4605263157894737,0.15789473684210525,2,pmi
U Mich Sentiment Prelim,76,0.15789473684210525,0.3670651741928989,0.3026315789473684,0.15789473684210525,2,sentiment
U Mich Conditions Prelim,76,0.15789473684210525,0.3670651741928989,0.3026315789473684,0.15789473684210525,2,auction
U Mich Expectations Prelim,76,0.15789473684210525,0.3670651741928989,0.3026315789473684,0.15789473684210525,2,sentiment
Wheat Exp Sale Next Yr Net *,320,0.15625,0.3636608534073202,0.371875,0.15625,2,agriculture
Beef Export Sales New *,322,0.15527950310559005,0.3627346156426515,0.37267080745341613,0.15527950310559005,2,auction
Soybean Export Sales Net *,322,0.15527950310559005,0.3627346156426515,0.37267080745341613,0.15527950310559005,2,agriculture
Soybean Exp Sale Net Total *,324,0.15432098765432098,0.3618149579973173,0.37037037037037035,0.15432098765432098,2,agriculture
Wheat Export Sales Net *,324,0.15432098765432098,0.3618149579973173,0.37037037037037035,0.15432098765432098,2,agriculture
Corn Exp Sales Net Total *,324,0.15432098765432098,0.3618149579973173,0.37037037037037035,0.15432098765432098,2,agriculture
Wheat Export Sales New *,324,0.15432098765432098,0.3618149579973173,0.37037037037037035,0.15432098765432098,2,agriculture
Corn Exp Sale Next Yr Net *,324,0.15432098765432098,0.3618149579973173,0.37037037037037035,0.15432098765432098,2,agriculture
Soybean Export Sales New *,324,0.15432098765432098,0.3618149579973173,0.37037037037037035,0.15432098765432098,2,agriculture
Soybn Meal Exp Sls Net Total *,324,0.15432098765432098,0.3618149579973173,0.37037037037037035,0.15432098765432098,2,auction
Soybeanoil Exp Sales Net *,324,0.15432098765432098,0.3618149579973173,0.37037037037037035,0.15432098765432098,2,agriculture
Soybn Oil Exp Sls Nxt Yr Net *,324,0.15432098765432098,0.3618149579973173,0.37037037037037035,0.15432098765432098,2,auction
Corn Export Sales Net *,324,0.15432098765432098,0.3618149579973173,0.37037037037037035,0.15432098765432098,2,agriculture
Soybeanmeal Exp Sale Net *,324,0.15432098765432098,0.3618149579973173,0.37037037037037035,0.15432098765432098,2,agriculture
US Pork Export Sales Net *,324,0.15432098765432098,0.3618149579973173,0.37037037037037035,0.15432098765432098,2,auction
Wheat Exp Sale Net Total *,324,0.15432098765432098,0.3618149579973173,0.37037037037037035,0.15432098765432098,2,agriculture
Soybean Exp Sale Next Yr Net *,324,0.15432098765432098,0.3618149579973173,0.37037037037037035,0.15432098765432098,2,agriculture
Beef Export Sales Net *,324,0.15432098765432098,0.3618149579973173,0.37037037037037035,0.15432098765432098,2,auction
US Pork Export Sales New *,324,0.15432098765432098,0.3618149579973173,0.37037037037037035,0.15432098765432098,2,auction
Up Cotton Exp Sales Net *,324,0.15432098765432098,0.3618149579973173,0.37037037037037035,0.15432098765432098,2,auction
Up Cotton Exp Sales New *,324,0.15432098765432098,0.3618149579973173,0.37037037037037035,0.15432098765432098,2,auction
Producer Prices MM*,39,0.15384615384615385,0.3655177681951956,0.358974358974359,0.15384615384615385,1,other
HCOB Mfg PMI,39,0.15384615384615385,0.3655177681951956,0.3076923076923077,0.15384615384615385,1,auction
GfK Consumer Sentiment,39,0.15384615384615385,0.3655177681951956,0.15384615384615385,0.1282051282051282,1,sentiment
Bank Lending YY,78,0.15384615384615385,0.36313651960128146,0.24358974358974358,0.15384615384615385,2,other
Export Prices MM,26,0.15384615384615385,0.36794648440311994,0.2692307692307692,0.15384615384615385,2,auction
CPI Final MM*,39,0.15384615384615385,0.36551776819519566,0.2564102564102564,0.02564102564102564,1,inflation
CPI Index Number*,13,0.15384615384615385,0.3755338080994054,0.46153846153846156,0.15384615384615385,1,inflation
CPI Final YY*,39,0.15384615384615385,0.36551776819519566,0.2564102564102564,0.02564102564102564,1,inflation
Import Prices MM,26,0.15384615384615385,0.36794648440311994,0.2692307692307692,0.15384615384615385,2,auction
Producer Prices YY*,39,0.15384615384615385,0.3655177681951956,0.358974358974359,0.15384615384615385,1,other
Soymeal Exp Sls Next Yr Net *,328,0.1524390243902439,0.35999511031545006,0.36890243902439024,0.1524390243902439,2,auction
Corn Export Sales New *,322,0.15217391304347827,0.3597484334811162,0.3695652173913043,0.15217391304347827,2,agriculture
Soybn Oil Exp Sls Net Total *,330,0.15151515151515152,0.35909478570327064,0.36666666666666664,0.15151515151515152,2,auction
Capacity Utilization SA*,80,0.15,0.3593242603145979,0.3125,0.15,2,auction
Retail Sales YoY*,80,0.15,0.35932426031459797,0.4,0.15,2,auction
Retail Sales Ex-Fuel YY*,54,0.14814814814814814,0.35858250319874724,0.37037037037037035,0.14814814814814814,2,auction
Export Prices MM*,54,0.14814814814814814,0.3585825031987472,0.3888888888888889,0.14814814814814814,2,auction
U Mich 1Yr Inf Prelim*,54,0.14814814814814814,0.35858250319874724,0.25925925925925924,0.14814814814814814,2,auction
Retail Sales MM*,54,0.14814814814814814,0.35858250319874724,0.37037037037037035,0.14814814814814814,3,auction
Retail Sales Ex-Fuel MM*,54,0.14814814814814814,0.35858250319874724,0.37037037037037035,0.14814814814814814,2,auction
Retail Sales YY*,54,0.14814814814814814,0.35858250319874724,0.37037037037037035,0.14814814814814814,2,auction
U Mich 5-Yr Inf Prelim*,54,0.14814814814814814,0.35858250319874724,0.25925925925925924,0.14814814814814814,2,auction
Car Registration MM*,117,0.1452991452991453,0.3539179055636682,0.28205128205128205,0.1452991452991453,3,auction
Car Registration YY*,117,0.1452991452991453,0.3539179055636682,0.28205128205128205,0.1452991452991453,3,auction
Retail Sales MM Real*,21,0.14285714285714285,0.35856858280031806,0.3333333333333333,0.14285714285714285,1,auction
GDP QQ,28,0.14285714285714285,0.3563483225498991,0.25,0.0,3,gdp
Coincident Index*,56,0.14285714285714285,0.3530939318018998,0.19642857142857142,0.14285714285714285,2,auction
Trade Bal Cust Basis SA*,78,0.14102564102564102,0.35030076036261,0.2564102564102564,0.14102564102564102,2,auction
Current Account Bal SA*,78,0.14102564102564102,0.35030076036261,0.2564102564102564,0.14102564102564102,2,auction
"Current Account, Goods*",78,0.14102564102564102,0.35030076036261,0.2564102564102564,0.14102564102564102,2,auction
Jobless Clm 4Wk Avg,58,0.13793103448275862,0.34783923802698247,0.27586206896551724,0.13793103448275862,2,employment
PCE Price Index YY *,58,0.13793103448275862,0.34783923802698247,0.3448275862068966,0.13793103448275862,2,inflation
Personal Income MM*,58,0.13793103448275862,0.34783923802698247,0.3448275862068966,0.13793103448275862,2,other
"Consumption, Adjusted MM*",58,0.13793103448275862,0.34783923802698247,0.3448275862068966,0.13793103448275862,2,auction
Personal Consump Real MM*,58,0.13793103448275862,0.34783923802698247,0.3448275862068966,0.13793103448275862,2,other
Core PCE Price Index MM *,58,0.13793103448275862,0.34783923802698247,0.3448275862068966,0.13793103448275862,2,inflation
PCE Price Index MM*,58,0.13793103448275862,0.34783923802698247,0.3448275862068966,0.13793103448275862,2,inflation
Core PCE Price Index YY*,58,0.13793103448275862,0.34783923802698247,0.3448275862068966,0.13793103448275862,2,inflation
Economy Watchers Poll SA*,80,0.1375,0.34654716375821176,0.1625,0.1375,2,auction
Durable Goods *,80,0.1375,0.34654716375821165,0.325,0.1375,2,other
Durables Ex-Transport *,80,0.1375,0.34654716375821165,0.325,0.1375,2,auction
Durables Ex-Defense MM *,80,0.1375,0.34654716375821165,0.325,0.1375,2,other
Current Account NSA JPY,80,0.1375,0.34654716375821165,0.25,0.1375,2,auction
Nondefe Cap Ex-Air *,80,0.1375,0.34654716375821165,0.325,0.1375,2,other
Claimant Count Unem Chng,22,0.13636363636363635,0.35125008665710444,0.3181818181818182,0.13636363636363635,2,auction
PPI Machine Manuf'ing*,82,0.13414634146341464,0.34290678724623735,0.4878048780487805,0.13414634146341464,2,auction
HCOB Services Flash PMI,38,0.13157894736842105,0.3425699874501045,0.3157894736842105,0.13157894736842105,1,auction
HCOB Mfg Flash PMI,38,0.13157894736842105,0.3425699874501045,0.3157894736842105,0.13157894736842105,1,auction
HCOB Composite Flash PMI,38,0.13157894736842105,0.3425699874501045,0.3157894736842105,0.13157894736842105,1,auction
Import Prices YY*,99,0.13131313131313133,0.33946129731801467,0.31313131313131315,0.13131313131313133,3,auction
Cont Jobless Clm *,46,0.13043478260869565,0.34050261230349943,0.34782608695652173,0.13043478260869565,2,auction
Retail Inventories Ex-Auto Rev *,54,0.12962962962962962,0.3390495203045244,0.2777777777777778,0.12962962962962962,2,auction
"PSNCR, GBP*",54,0.12962962962962962,0.3390495203045245,0.2962962962962963,0.12962962962962962,2,other
"PSNB, GBP*",54,0.12962962962962962,0.3390495203045245,0.2962962962962963,0.12962962962962962,2,other
"Wholesale Invt(y), R MM *",54,0.12962962962962962,0.3390495203045245,0.24074074074074073,0.12962962962962962,2,auction
PSNB Ex Banks GBP*,54,0.12962962962962962,0.3390495203045245,0.2962962962962963,0.12962962962962962,2,other
Business Inventories MM *,54,0.12962962962962962,0.3390495203045244,0.2777777777777778,0.12962962962962962,2,auction
Wholesale Sales MM *,54,0.12962962962962962,0.3390495203045245,0.24074074074074073,0.12962962962962962,2,auction
S&P GLOBAL MANUFACTURING PMI,78,0.1282051282051282,0.33648196566846383,0.20512820512820512,0.1282051282051282,2,auction
Existing Home Sales,78,0.1282051282051282,0.33648196566846383,0.2564102564102564,0.1282051282051282,2,auction
Exist. Home Sales % Chg,78,0.1282051282051282,0.33648196566846383,0.2564102564102564,0.1282051282051282,2,auction
Retail Sales Ex-Fuel MM,24,0.125,0.3378319623460881,0.2916666666666667,0.125,2,auction
PPI Core Output YY NSA,24,0.125,0.3378319623460881,0.3333333333333333,0.125,2,auction
Initial Jobless Clm,56,0.125,0.3337119062359573,0.26785714285714285,0.125,2,auction
PPI Input Prices YY NSA,24,0.125,0.3378319623460881,0.3333333333333333,0.125,2,auction
Cont Jobless Clm,56,0.125,0.3337119062359573,0.26785714285714285,0.125,2,auction
PPI Core Output MM NSA,24,0.125,0.3378319623460881,0.3333333333333333,0.125,2,auction
National Activity Index,24,0.125,0.3378319623460881,0.20833333333333334,0.125,2,auction
Challenger Layoffs,72,0.125,0.3330397768401644,0.3472222222222222,0.125,2,auction
Retail Sales Ex-Fuel YY,24,0.125,0.3378319623460881,0.2916666666666667,0.125,2,auction
PPI Input Prices MM NSA,24,0.125,0.3378319623460881,0.3333333333333333,0.125,2,auction
PPI Output Prices MM NSA,24,0.125,0.3378319623460881,0.3333333333333333,0.125,2,auction
Construction Spending MM *,56,0.125,0.3337119062359573,0.44642857142857145,0.125,2,auction
PPI Output Prices YY NSA,24,0.125,0.3378319623460881,0.3333333333333333,0.125,2,auction
Import Prices MM*,73,0.1232876712328767,0.3310423554409472,0.3287671232876712,0.1232876712328767,3,auction
Redbook YY *,322,0.12111801242236025,0.3267721753232789,0.2515527950310559,0.12111801242236025,2,other
International Trade $ *,58,0.1206896551724138,0.32861144371999385,0.27586206896551724,0.1206896551724138,2,auction
Goods Trade Balance (R) *,58,0.1206896551724138,0.32861144371999385,0.27586206896551724,0.1206896551724138,2,auction
Build Permits R Numb*,76,0.11842105263157894,0.3252529380101132,0.23684210526315788,0.11842105263157894,2,auction
Build Permits R Chg MM*,76,0.11842105263157894,0.3252529380101132,0.23684210526315788,0.11842105263157894,2,auction
Machinery Orders MM *,76,0.11842105263157894,0.32525293801011324,0.25,0.11842105263157894,2,auction
USDA-Cattle Placed On Fd*,78,0.11538461538461539,0.32155342230584855,0.16666666666666666,0.11538461538461539,2,auction
Initial Jobless Clm *,52,0.11538461538461539,0.3226025390322358,0.3269230769230769,0.11538461538461539,2,auction
USDA-Cattle Marketed*,78,0.11538461538461539,0.32155342230584855,0.16666666666666666,0.11538461538461539,2,auction
USDA-Cattle On Feed*,78,0.11538461538461539,0.32155342230584855,0.16666666666666666,0.11538461538461539,2,auction
Machinery Orders YY *,80,0.1125,0.3179742048291164,0.2375,0.1125,2,auction
Mortgage Market Index,330,0.11212121212121212,0.31599466710668334,0.20606060606060606,0.11212121212121212,2,auction
MBA 30-Yr Mortgage Rate,330,0.11212121212121212,0.31599466710668334,0.20606060606060606,0.11212121212121212,2,auction
MBA Mortgage Applications,330,0.11212121212121212,0.31599466710668334,0.20606060606060606,0.11212121212121212,2,auction
MBA Purchase Index,330,0.11212121212121212,0.31599466710668334,0.20606060606060606,0.11212121212121212,2,auction
Mortgage Refinance Index,330,0.11212121212121212,0.31599466710668334,0.20606060606060606,0.11212121212121212,2,auction
GDP QQ External Demand R,18,0.1111111111111111,0.32338083338177726,0.3333333333333333,0.1111111111111111,2,auction
PPI Output Prices MM NSA*,54,0.1111111111111111,0.31722063428725766,0.4074074074074074,0.1111111111111111,2,auction
GDP Sales Advance*,18,0.1111111111111111,0.32338083338177726,0.6111111111111112,0.1111111111111111,2,gdp
GDP Sales Prelim*,18,0.1111111111111111,0.32338083338177726,0.2777777777777778,0.1111111111111111,2,gdp
GDP Cap Ex Rev QQ,18,0.1111111111111111,0.32338083338177726,0.3333333333333333,0.1111111111111111,2,gdp
GDP Cons Spending Prelim*,18,0.1111111111111111,0.32338083338177726,0.2777777777777778,0.1111111111111111,2,gdp
Core PCE Prices Prelim*,18,0.1111111111111111,0.32338083338177726,0.2777777777777778,0.1111111111111111,2,inflation
GDP QQ Pvt Consmp Revised,18,0.1111111111111111,0.32338083338177726,0.3333333333333333,0.1111111111111111,2,auction
GDP Cons Spending Advance*,18,0.1111111111111111,0.32338083338177726,0.6111111111111112,0.1111111111111111,2,gdp
ZEW Economic Sentiment *,27,0.1111111111111111,0.32025630761017426,0.1111111111111111,0.037037037037037035,1,sentiment
PPI Input Prices YY NSA*,54,0.1111111111111111,0.31722063428725766,0.4074074074074074,0.1111111111111111,2,auction
PPI Core Output MM NSA*,54,0.1111111111111111,0.31722063428725766,0.4074074074074074,0.1111111111111111,2,auction
Core PCE Prices Advance*,18,0.1111111111111111,0.32338083338177726,0.6111111111111112,0.1111111111111111,2,inflation
PCE Prices Advance*,18,0.1111111111111111,0.32338083338177726,0.6111111111111112,0.1111111111111111,2,inflation
GDP Advance*,18,0.1111111111111111,0.32338083338177726,0.6111111111111112,0.1111111111111111,2,gdp
PCE Prices Prelim *,18,0.1111111111111111,0.32338083338177726,0.2777777777777778,0.1111111111111111,2,inflation
Industrial O/P Prelim MM SA*,54,0.1111111111111111,0.31722063428725766,0.2777777777777778,0.1111111111111111,2,auction
PPI Input Prices MM NSA*,54,0.1111111111111111,0.31722063428725766,0.4074074074074074,0.1111111111111111,2,auction
PPI Core Output YY NSA*,54,0.1111111111111111,0.31722063428725766,0.4074074074074074,0.1111111111111111,2,auction
GDP Deflator Prelim*,18,0.1111111111111111,0.32338083338177726,0.2777777777777778,0.1111111111111111,2,auction
NY Fed Manufacturing,54,0.1111111111111111,0.3172206342872576,0.35185185185185186,0.1111111111111111,2,auction
GDP Deflator Advance*,18,0.1111111111111111,0.32338083338177726,0.6111111111111112,0.1111111111111111,2,auction
IP Forecast 2 Mth Ahead,54,0.1111111111111111,0.31722063428725766,0.2777777777777778,0.1111111111111111,2,auction
GDP 2nd Estimate*,18,0.1111111111111111,0.32338083338177726,0.2777777777777778,0.1111111111111111,2,auction
PPI Output Prices YY NSA*,54,0.1111111111111111,0.31722063428725766,0.4074074074074074,0.1111111111111111,2,auction
Industrial Output MM*,91,0.10989010989010989,0.31448545101657543,0.26373626373626374,0.10989010989010989,3,auction
Current Account - Balance NSA*,37,0.10810810810810811,0.3148000938676784,0.3783783783783784,0.10810810810810811,1,auction
HE State CPI YY*,28,0.10714285714285714,0.314970394174356,0.2857142857142857,0.10714285714285714,1,auction
International Trade $,28,0.10714285714285714,0.314970394174356,0.25,0.10714285714285714,2,auction
Housing Starts YY*,28,0.10714285714285714,0.314970394174356,0.10714285714285714,0.10714285714285714,2,auction
Leading Index Chg MM,28,0.10714285714285714,0.314970394174356,0.17857142857142858,0.10714285714285714,2,auction
"Wholesale Invt(y), R MM",28,0.10714285714285714,0.314970394174356,0.25,0.10714285714285714,2,auction
Goods Trade Balance (R),28,0.10714285714285714,0.314970394174356,0.25,0.10714285714285714,2,auction
Chicago PMI*,28,0.10714285714285714,0.314970394174356,0.32142857142857145,0.10714285714285714,2,auction
Wholesale Sales MM,28,0.10714285714285714,0.314970394174356,0.25,0.10714285714285714,2,auction
Construction Orders YY*,28,0.10714285714285714,0.314970394174356,0.10714285714285714,0.10714285714285714,2,auction
Wholesale Price Index YY*,38,0.10526315789473684,0.31101174777590485,0.23684210526315788,0.10526315789473684,1,auction
Wholesale Price Index MM*,38,0.10526315789473684,0.31101174777590485,0.23684210526315788,0.10526315789473684,1,auction
Retail Sales YY Real*,19,0.10526315789473684,0.3153017676423058,0.2631578947368421,0.10526315789473684,1,auction
Business PSI*,39,0.10256410256410256,0.3073547406047281,0.1794871794871795,0.10256410256410256,1,other
CBI Trends - Orders,78,0.10256410256410256,0.30535240827622967,0.21794871794871795,0.10256410256410256,2,auction
Ifo Expectations New*,39,0.10256410256410256,0.3073547406047281,0.28205128205128205,0.10256410256410256,1,sentiment
Ifo Business Climate New*,39,0.10256410256410256,0.3073547406047281,0.28205128205128205,0.10256410256410256,1,auction
Ifo Curr Conditions New*,39,0.10256410256410256,0.3073547406047281,0.28205128205128205,0.10256410256410256,1,auction
HCOB Construction PMI,39,0.10256410256410256,0.3073547406047281,0.358974358974359,0.10256410256410256,1,auction
Leading Indicator*,78,0.10256410256410256,0.3053524082762296,0.1282051282051282,0.10256410256410256,2,auction
GDP Cons Spending Advance,10,0.1,0.31622776601683794,0.3,0.1,2,gdp
GDP Deflator Advance,10,0.1,0.31622776601683794,0.3,0.1,2,auction
Prvsec 3 Mth Avg Grth YY *,30,0.1,0.30512857662936466,0.26666666666666666,0.1,2,auction
BOE Consumer Credit*,40,0.1,0.30382181012509996,0.2,0.1,2,auction
Jobless Clm 4Wk Avg *,50,0.1,0.30304576336566325,0.32,0.1,2,employment
M4 Money Supply*,40,0.1,0.30382181012509996,0.2,0.1,2,other
PCE Prices Advance,10,0.1,0.31622776601683794,0.3,0.1,2,inflation
Core PCE Prices Advance,10,0.1,0.31622776601683794,0.3,0.1,2,inflation
Mortgage Lending*,40,0.1,0.30382181012509996,0.2,0.1,2,auction
GDP Sales Advance,10,0.1,0.31622776601683794,0.3,0.1,2,gdp
GDP Advance,10,0.1,0.31622776601683794,0.3,0.1,2,gdp
Mortgage Approvals*,40,0.1,0.30382181012509996,0.2,0.1,2,auction
Rich Fed Mfg Shipments*,52,0.09615384615384616,0.2976782961926058,0.1346153846153846,0.09615384615384616,2,auction
Rich Fed Comp. Index*,52,0.09615384615384616,0.2976782961926058,0.1346153846153846,0.09615384615384616,2,auction
"Rich Fed, Services Index*",52,0.09615384615384616,0.2976782961926058,0.1346153846153846,0.09615384615384616,2,auction
BB State CPI MM*,21,0.09523809523809523,0.30079260375911915,0.2857142857142857,0.09523809523809523,1,auction
GDP Deflator YY Final*,32,0.09375,0.29614458108029906,0.25,0.09375,2,auction
New Home Sales-Units *,54,0.09259259259259259,0.29258241983571953,0.1111111111111111,0.09259259259259259,2,auction
JibunBK Comp Op Flash SA *,54,0.09259259259259259,0.2925824198357195,0.18518518518518517,0.09259259259259259,2,auction
New Home Sales Chg MM *,54,0.09259259259259259,0.29258241983571953,0.1111111111111111,0.09259259259259259,2,auction
JibunBK SVC PMI Flash SA *,54,0.09259259259259259,0.2925824198357195,0.18518518518518517,0.09259259259259259,2,auction
Flash Composite PMI,76,0.09210526315789473,0.2910959328215755,0.27631578947368424,0.09210526315789473,2,auction
S&P Global Svcs PMI Flash,76,0.09210526315789473,0.2910959328215754,0.34210526315789475,0.09210526315789473,2,auction
Flash Manufacturing PMI,76,0.09210526315789473,0.2910959328215755,0.27631578947368424,0.09210526315789473,2,auction
S&P Global Mfg PMI Flash,76,0.09210526315789473,0.2910959328215754,0.34210526315789475,0.09210526315789473,2,auction
Flash Services PMI,76,0.09210526315789473,0.2910959328215755,0.27631578947368424,0.09210526315789473,2,auction
Overall Lab Cash Earnings*,22,0.09090909090909091,0.29424494316824984,0.09090909090909091,0.09090909090909091,2,auction
Jobs/Applicants Ratio,22,0.09090909090909091,0.29424494316824984,0.22727272727272727,0.09090909090909091,2,auction
NY Fed Manufacturing*,22,0.09090909090909091,0.29424494316824984,0.22727272727272727,0.09090909090909091,2,auction
Trade Balance Total Yen,78,0.08974358974358974,0.28766401017607807,0.14102564102564102,0.08974358974358974,2,auction
Exports YY,78,0.08974358974358974,0.28766401017607807,0.14102564102564102,0.08974358974358974,2,auction
Dairy Prices*,78,0.08974358974358974,0.28766401017607807,0.2692307692307692,0.08974358974358974,1,other
NAHB Housing Market Indx,78,0.08974358974358974,0.28766401017607807,0.20512820512820512,0.08974358974358974,2,auction
Industrial O/P Rev YY SA*,78,0.08974358974358974,0.28766401017607807,0.19230769230769232,0.08974358974358974,2,auction
M2 Money Supply*,78,0.08974358974358974,0.28766401017607807,0.21794871794871795,0.08974358974358974,2,other
Imports YY,78,0.08974358974358974,0.28766401017607807,0.14102564102564102,0.08974358974358974,2,auction
Industrial O/P Rev MM SA *,78,0.08974358974358974,0.28766401017607807,0.19230769230769232,0.08974358974358974,2,auction
NFIB Business Optimism Idx,78,0.08974358974358974,0.2876640101760781,0.15384615384615385,0.08974358974358974,2,auction
Overtime Pay*,78,0.08974358974358974,0.28766401017607807,0.2564102564102564,0.08974358974358974,2,auction
Milk Auctions*,78,0.08974358974358974,0.28766401017607807,0.2692307692307692,0.08974358974358974,1,auction
Service PPI*,78,0.08974358974358974,0.28766401017607807,0.19230769230769232,0.05128205128205128,2,inflation
Capacity Utilization MM SA*,78,0.08974358974358974,0.28766401017607807,0.19230769230769232,0.08974358974358974,2,auction
Overall Lab Cash Earnings,56,0.08928571428571429,0.28773635118317564,0.32142857142857145,0.08928571428571429,2,auction
Retail Sales YY,102,0.08823529411764706,0.2850374710982938,0.2647058823529412,0.08823529411764706,3,auction
WSD-Poultry Output 2025,68,0.08823529411764706,0.2857456398198083,0.16176470588235295,0.08823529411764706,2,auction
All Car Sales*,80,0.0875,0.28434913465623,0.4375,0.0875,2,other
All Truck Sales*,80,0.0875,0.28434913465623,0.4375,0.0875,2,auction
"PCE Prc Exl Food, Energy & Hsg *",46,0.08695652173913043,0.2848849246447679,0.2826086956521739,0.08695652173913043,2,auction
PCE Svs Price Exl Energy & Hsg *,46,0.08695652173913043,0.2848849246447679,0.2826086956521739,0.08695652173913043,2,auction
World Corn E/S 24/25,70,0.08571428571428572,0.28196295074009653,0.15714285714285714,0.08571428571428572,2,agriculture
WSD-Soybean E/S 23/24,70,0.08571428571428572,0.28196295074009653,0.15714285714285714,0.08571428571428572,2,agriculture
MBA 5-Yr Contract Rate,24,0.08333333333333333,0.28232985128663995,0.16666666666666666,0.08333333333333333,2,auction
Nationwide house price yy*,60,0.08333333333333333,0.27871780678530217,0.21666666666666667,0.08333333333333333,2,auction
PSNB Ex Banks GBP,24,0.08333333333333333,0.28232985128663995,0.20833333333333334,0.08333333333333333,2,other
MBA 15-Yr FRM Points,24,0.08333333333333333,0.28232985128663995,0.16666666666666666,0.08333333333333333,2,auction
Retail Inventories Ex-Auto Rev,24,0.08333333333333333,0.28232985128663995,0.125,0.08333333333333333,2,auction
MBA 15-Yr Contract Rate,24,0.08333333333333333,0.28232985128663995,0.16666666666666666,0.08333333333333333,2,auction
MBA 5-Yr Effective Rate,24,0.08333333333333333,0.28232985128663995,0.16666666666666666,0.08333333333333333,2,auction
"PSNCR, GBP",24,0.08333333333333333,0.28232985128663995,0.20833333333333334,0.08333333333333333,2,other
Business Inventories MM,24,0.08333333333333333,0.28232985128663995,0.125,0.08333333333333333,2,auction
MBA 15-Yr Effective Rate,24,0.08333333333333333,0.28232985128663995,0.16666666666666666,0.08333333333333333,2,auction
MBA 5-Yr ARM Points,24,0.08333333333333333,0.28232985128663995,0.16666666666666666,0.08333333333333333,2,auction
Nationwide house price mm*,60,0.08333333333333333,0.27871780678530217,0.21666666666666667,0.08333333333333333,2,auction
JibunBK Mfg PMI Flash SA,60,0.08333333333333333,0.27871780678530217,0.16666666666666666,0.08333333333333333,2,auction
Industrial Orders MM*,37,0.08108108108108109,0.27672473069203,0.32432432432432434,0.08108108108108109,1,auction
Consumer Goods SA*,37,0.08108108108108109,0.27672473069203,0.32432432432432434,0.08108108108108109,1,other
Manufacturing O/P Cur Price SA*,37,0.08108108108108109,0.27672473069203,0.32432432432432434,0.08108108108108109,1,auction
Unemployment Rate,50,0.08,0.27404751561786966,0.32,0.08,4,auction
Adv Goods Trade Balance *,50,0.08,0.27404751561786966,0.28,0.08,2,auction
U Mich Sentiment Final,50,0.08,0.27404751561786966,0.32,0.08,2,sentiment
Wholesale Inventories Adv *,50,0.08,0.27404751561786966,0.28,0.08,2,auction
Retail Inventories Ex-Auto Adv *,50,0.08,0.27404751561786966,0.28,0.08,2,auction
Retail Sales MM,50,0.08,0.27404751561786966,0.2,0.08,3,auction
Exports MM SA*,38,0.07894736842105263,0.2732763127330939,0.39473684210526316,0.07894736842105263,1,auction
Cleveland Fed CPI*,76,0.07894736842105263,0.27144835701531844,0.2236842105263158,0.07894736842105263,2,inflation
New Passenger Cars Registration*,76,0.07894736842105263,0.27144835701531844,0.21052631578947367,0.07894736842105263,2,auction
Imports MM SA*,38,0.07894736842105263,0.2732763127330939,0.39473684210526316,0.07894736842105263,1,auction
"Trade Balance, EUR, SA*",38,0.07894736842105263,0.2732763127330939,0.39473684210526316,0.07894736842105263,1,auction
CaseShiller 20 YY NSA,64,0.078125,0.27048970875004197,0.234375,0.078125,2,auction
Broad Money*,154,0.07792207792207792,0.2689234780113469,0.17532467532467533,0.07792207792207792,4,other
Large Scale Retail Sales YY*,78,0.07692307692307693,0.2681940937606045,0.2564102564102564,0.07692307692307693,2,auction
Industrial O/P Prelim YY SA*,78,0.07692307692307693,0.2681940937606045,0.24358974358974358,0.07692307692307693,2,auction
ISM Mfg Prices Paid,78,0.07692307692307693,0.2681940937606045,0.41025641025641024,0.07692307692307693,2,pmi
ISM Manuf Employment Idx,78,0.07692307692307693,0.2681940937606045,0.41025641025641024,0.07692307692307693,2,auction
Monetary Conditions Next Quarter*,13,0.07692307692307693,0.2773500981126146,0.23076923076923078,0.07692307692307693,1,auction
GDP QQ Annualised,26,0.07692307692307693,0.271746488194703,0.2692307692307692,0.0,2,gdp
Export Prices SA,13,0.07692307692307693,0.2773500981126146,0.07692307692307693,0.07692307692307693,1,auction
GDP Detailed YY SA*,13,0.07692307692307693,0.2773500981126146,0.23076923076923078,0.07692307692307693,1,auction
RPI MM*,78,0.07692307692307693,0.2681940937606045,0.34615384615384615,0.07692307692307693,2,other
GDP Revised QQ,26,0.07692307692307693,0.271746488194703,0.23076923076923078,0.07692307692307693,2,gdp
ISM Manuf New Orders Idx,78,0.07692307692307693,0.2681940937606045,0.41025641025641024,0.07692307692307693,2,pmi
Corp Goods Price YY,78,0.07692307692307693,0.26819409376060455,0.16666666666666666,0.07692307692307693,2,other
IP Forecast 1 Mth Ahead,78,0.07692307692307693,0.2681940937606045,0.24358974358974358,0.07692307692307693,2,auction
GDP Rev QQ Annualised,26,0.07692307692307693,0.271746488194703,0.23076923076923078,0.07692307692307693,2,gdp
Terms of Trade QQ,13,0.07692307692307693,0.2773500981126146,0.07692307692307693,0.07692307692307693,1,auction
Foreign Reserves,78,0.07692307692307693,0.2681940937606045,0.16666666666666666,0.07692307692307693,2,other
Monetary Conditions 1 Yr*,13,0.07692307692307693,0.2773500981126146,0.23076923076923078,0.07692307692307693,1,auction
ISM N-Mfg Employment Idx,78,0.07692307692307693,0.26819409376060455,0.3974358974358974,0.07692307692307693,2,auction
RPI Index*,78,0.07692307692307693,0.2681940937606045,0.34615384615384615,0.07692307692307693,2,other
RPIX YY*,78,0.07692307692307693,0.2681940937606045,0.34615384615384615,0.07692307692307693,2,other
PPI - Outputs QQ,13,0.07692307692307693,0.2773500981126145,0.15384615384615385,0.07692307692307693,1,auction
RPI YY*,78,0.07692307692307693,0.2681940937606045,0.34615384615384615,0.07692307692307693,2,other
GDP Detailed YY NSA*,13,0.07692307692307693,0.2773500981126146,0.23076923076923078,0.07692307692307693,1,auction
Import Prices SA,13,0.07692307692307693,0.2773500981126146,0.07692307692307693,0.07692307692307693,1,auction
Monetary Conditions Current*,13,0.07692307692307693,0.2773500981126146,0.23076923076923078,0.07692307692307693,1,auction
RPI-X (Retail Prices) MM*,78,0.07692307692307693,0.2681940937606045,0.34615384615384615,0.07692307692307693,2,auction
GDP Detailed QQ SA*,13,0.07692307692307693,0.2773500981126146,0.23076923076923078,0.07692307692307693,1,auction
Inflation Forecast 2 yrs*,13,0.07692307692307693,0.2773500981126146,0.23076923076923078,0.07692307692307693,1,auction
ISM N-Mfg Bus Act,78,0.07692307692307693,0.26819409376060455,0.3974358974358974,0.07692307692307693,2,auction
Corp Goods Price MM,78,0.07692307692307693,0.26819409376060455,0.16666666666666666,0.07692307692307693,2,other
ISM Manufacturing PMI,78,0.07692307692307693,0.2681940937606045,0.41025641025641024,0.07692307692307693,2,auction
ISM N-Mfg New Orders Idx,78,0.07692307692307693,0.26819409376060455,0.3974358974358974,0.07692307692307693,2,pmi
Inflation Forecast 1 Yr*,13,0.07692307692307693,0.2773500981126146,0.23076923076923078,0.07692307692307693,1,auction
PPI - Inputs QQ,13,0.07692307692307693,0.2773500981126145,0.15384615384615385,0.07692307692307693,1,auction
ISM N-Mfg Price Paid Idx,78,0.07692307692307693,0.26819409376060455,0.3974358974358974,0.07692307692307693,2,pmi
10Y TIPS Auc - HAP*,40,0.075,0.2667467828369185,0.075,0.075,2,auction
10Y TIPS Auc - BTC*,40,0.075,0.2667467828369185,0.075,0.075,2,auction
10Y TIPS Auc - HY*,40,0.075,0.2667467828369185,0.075,0.075,2,auction
10Y TIPS Auc - TA*,40,0.075,0.2667467828369185,0.075,0.075,2,auction
CBI Distributive Trades,54,0.07407407407407407,0.26435052857271474,0.2037037037037037,0.07407407407407407,2,auction
GDP Est 3M/3M*,54,0.07407407407407407,0.2643505285727147,0.24074074074074073,0.07407407407407407,2,auction
GfK Consumer Confidence*,54,0.07407407407407407,0.26435052857271474,0.14814814814814814,0.07407407407407407,2,sentiment
Goods Trade Balance GBP*,54,0.07407407407407407,0.2643505285727147,0.24074074074074073,0.07407407407407407,2,auction
GDP Estimate YY*,54,0.07407407407407407,0.2643505285727147,0.24074074074074073,0.07407407407407407,2,auction
Construction O/P Vol YY*,54,0.07407407407407407,0.2643505285727147,0.24074074074074073,0.07407407407407407,2,auction
GDP Estimate MM*,54,0.07407407407407407,0.2643505285727147,0.24074074074074073,0.07407407407407407,2,auction
Industrial Output YY*,54,0.07407407407407407,0.2643505285727147,0.24074074074074073,0.07407407407407407,2,auction
Leading Index Chg MM*,54,0.07407407407407407,0.2643505285727147,0.2037037037037037,0.07407407407407407,2,auction
Goods Trade Bal. Non-EU*,54,0.07407407407407407,0.2643505285727147,0.24074074074074073,0.07407407407407407,2,auction
Construction O/P Vol MM*,54,0.07407407407407407,0.2643505285727147,0.24074074074074073,0.07407407407407407,2,auction
Manufacturing Output MM*,54,0.07407407407407407,0.2643505285727147,0.24074074074074073,0.07407407407407407,2,auction
Manufacturing Output YY*,54,0.07407407407407407,0.2643505285727147,0.24074074074074073,0.07407407407407407,2,auction
EIA-Nat Gas Chg Bcf*,326,0.0736196319018405,0.2615523411912677,0.2147239263803681,0.0736196319018405,2,auction
Nat Gas-EIA Implied Flow*,346,0.07225433526011561,0.2592835257402241,0.20809248554913296,0.07225433526011561,2,auction
Factory Ex-Transp MM *,56,0.07142857142857142,0.25987009741882106,0.2857142857142857,0.07142857142857142,2,auction
Durables Ex-Transpt R MM *,56,0.07142857142857142,0.25987009741882106,0.2857142857142857,0.07142857142857142,2,auction
"Durable Goods, R MM *",56,0.07142857142857142,0.25987009741882106,0.2857142857142857,0.07142857142857142,2,other
Business Invest YY Prelim*,28,0.07142857142857142,0.26226526415648105,0.21428571428571427,0.07142857142857142,2,auction
U6 Underemployment,28,0.07142857142857142,0.262265264156481,0.39285714285714285,0.07142857142857142,2,auction
HE State CPI MM*,28,0.07142857142857142,0.262265264156481,0.25,0.07142857142857142,1,auction
"Durables Ex-Def, R MM *",56,0.07142857142857142,0.25987009741882106,0.2857142857142857,0.07142857142857142,2,other
Halifax House Prices MM*,70,0.07142857142857142,0.2593988910521574,0.17142857142857143,0.07142857142857142,2,auction
Business Invest QQ Prelim*,28,0.07142857142857142,0.26226526415648105,0.21428571428571427,0.07142857142857142,2,auction
Factory Orders MM *,56,0.07142857142857142,0.25987009741882106,0.2857142857142857,0.07142857142857142,2,auction
Nondef Cap Ex-Air R MM *,56,0.07142857142857142,0.25987009741882106,0.2857142857142857,0.07142857142857142,2,other
BB State CPI YY*,28,0.07142857142857142,0.262265264156481,0.21428571428571427,0.07142857142857142,1,auction
Labor Force Partic,28,0.07142857142857142,0.262265264156481,0.39285714285714285,0.07142857142857142,2,auction
Leading Indicator Revised*,85,0.07058823529411765,0.25765588412036844,0.08235294117647059,0.07058823529411765,3,auction
LSEG IPSOS PCSI,259,0.0694980694980695,0.25479156056930924,0.21621621621621623,0.0694980694980695,4,other
Halifax House Prices YY*,72,0.06944444444444445,0.255992346325338,0.16666666666666666,0.06944444444444445,2,auction
U Mich Expectations Final*,72,0.06944444444444445,0.255992346325338,0.3333333333333333,0.06944444444444445,2,sentiment
BY State CPI MM,29,0.06896551724137931,0.2578807147775637,0.2413793103448276,0.06896551724137931,1,auction
BY State CPI YY,29,0.06896551724137931,0.2578807147775637,0.2413793103448276,0.06896551724137931,1,auction
U Mich Conditions Final*,74,0.06756756756756757,0.25271571992678216,0.32432432432432434,0.06756756756756757,2,auction
U Mich 1Yr Inf Final*,74,0.06756756756756757,0.25271571992678216,0.32432432432432434,0.06756756756756757,2,auction
Current Account/GDP,15,0.06666666666666667,0.2581988897471611,0.13333333333333333,0.06666666666666667,1,auction
Average Earnings YY,30,0.06666666666666667,0.2537081317024624,0.4,0.06666666666666667,2,employment
Current Account- Annual,15,0.06666666666666667,0.2581988897471611,0.13333333333333333,0.06666666666666667,1,auction
Average Workweek Hrs,30,0.06666666666666667,0.2537081317024624,0.4,0.06666666666666667,2,auction
Manufacturing Payrolls,30,0.06666666666666667,0.2537081317024624,0.4,0.06666666666666667,2,auction
Private Payrolls,30,0.06666666666666667,0.2537081317024624,0.4,0.06666666666666667,2,auction
Government Payrolls,30,0.06666666666666667,0.2537081317024624,0.4,0.06666666666666667,2,auction
Average Earnings MM,30,0.06666666666666667,0.2537081317024624,0.4,0.06666666666666667,2,employment
Current Account - Qtrly,15,0.06666666666666667,0.2581988897471611,0.13333333333333333,0.06666666666666667,1,auction
Consumer Confidence *,46,0.06521739130434782,0.249637418228338,0.10869565217391304,0.06521739130434782,2,sentiment
Chain Store Sales YY*,80,0.0625,0.2435886759231116,0.1125,0.0625,2,auction
House Starts MM: Change,32,0.0625,0.24593468841898236,0.3125,0.0625,2,auction
Building Permits: Number,32,0.0625,0.24593468841898236,0.3125,0.0625,2,auction
Housing Starts Number,32,0.0625,0.24593468841898236,0.3125,0.0625,2,auction
S&P Global Comp Op Final SA,16,0.0625,0.25,0.125,0.0625,2,other
Build Permits: Change MM,32,0.0625,0.24593468841898236,0.3125,0.0625,2,auction
EIA Wkly Crude Exports *,232,0.0603448275862069,0.2386394735330027,0.1724137931034483,0.0603448275862069,2,auction
Foreign Stock Investment*,332,0.060240963855421686,0.23829188683628885,0.15963855421686746,0.060240963855421686,2,auction
Foreign Invest JP Stock,332,0.060240963855421686,0.2382918868362888,0.15963855421686746,0.060240963855421686,2,auction
Foreign Invest JP Bonds*,334,0.059880239520958084,0.2376208098589442,0.15868263473053892,0.059880239520958084,2,auction
Foreign Bond Investment,334,0.059880239520958084,0.2376208098589442,0.15868263473053892,0.059880239520958084,2,auction
Employment Trends*,84,0.05952380952380952,0.23802351185830542,0.11904761904761904,0.05952380952380952,2,auction
EIA Ethanol Fuel Total*,326,0.05828220858895705,0.23463646537248156,0.18098159509202455,0.05828220858895705,2,auction
EIA Ethanol Ref Stk*,328,0.057926829268292686,0.2339619551647948,0.18292682926829268,0.057926829268292686,2,auction
U Mich 5-Yr Inf Final*,72,0.05555555555555555,0.23066889195376988,0.3194444444444444,0.05555555555555555,2,auction
House Starts MM: Change *,54,0.05555555555555555,0.23121228232266414,0.2222222222222222,0.05555555555555555,2,auction
Fla Orange Output 24/25 *,18,0.05555555555555555,0.2357022603955158,0.1111111111111111,0.05555555555555555,2,auction
Housing Starts Number *,54,0.05555555555555555,0.23121228232266414,0.2222222222222222,0.05555555555555555,2,auction
Building Permits: Number *,54,0.05555555555555555,0.23121228232266414,0.2222222222222222,0.05555555555555555,2,auction
Build Permits: Change MM *,54,0.05555555555555555,0.23121228232266414,0.2222222222222222,0.05555555555555555,2,auction
World Soy E/S 24/25,56,0.05357142857142857,0.227207782928703,0.14285714285714285,0.05357142857142857,2,other
WSD-Cotton Output 24/25,56,0.05357142857142857,0.227207782928703,0.14285714285714285,0.05357142857142857,2,auction
WSD-Soybn Endstocks 24/25,56,0.05357142857142857,0.227207782928703,0.14285714285714285,0.05357142857142857,2,auction
WSD-Corn Yield 24/25,56,0.05357142857142857,0.227207782928703,0.14285714285714285,0.05357142857142857,2,agriculture
WSD-Wheat Endstocks23/24,56,0.05357142857142857,0.227207782928703,0.14285714285714285,0.05357142857142857,2,agriculture
WSD-Pork Output 2025,56,0.05357142857142857,0.227207782928703,0.14285714285714285,0.05357142857142857,2,auction
WSD-Corn Exports 24/25,56,0.05357142857142857,0.227207782928703,0.14285714285714285,0.05357142857142857,2,agriculture
WSD-Beef Output 2025,56,0.05357142857142857,0.227207782928703,0.14285714285714285,0.05357142857142857,2,auction
WSD-Wheat Output 24/25,56,0.05357142857142857,0.227207782928703,0.14285714285714285,0.05357142857142857,2,agriculture
WSD-Soybean Exp 24/25,56,0.05357142857142857,0.227207782928703,0.14285714285714285,0.05357142857142857,2,agriculture
WSD-Soybean Output 24/25,56,0.05357142857142857,0.227207782928703,0.14285714285714285,0.05357142857142857,2,agriculture
World Wheat E/S 24/25,56,0.05357142857142857,0.227207782928703,0.14285714285714285,0.05357142857142857,2,agriculture
WSD-Corn Endstock 23/24,56,0.05357142857142857,0.227207782928703,0.14285714285714285,0.05357142857142857,2,agriculture
WSD-Soybean Yield 24/25,56,0.05357142857142857,0.227207782928703,0.14285714285714285,0.05357142857142857,2,agriculture
WSD-Wheat Endstocks 24/25,56,0.05357142857142857,0.227207782928703,0.14285714285714285,0.05357142857142857,2,agriculture
WSD-Corn Output 24/25,56,0.05357142857142857,0.227207782928703,0.14285714285714285,0.05357142857142857,2,agriculture
WSD-Cottn Endstocks 24/25,56,0.05357142857142857,0.227207782928703,0.14285714285714285,0.05357142857142857,2,auction
WSD-Corn Endstocks 24/25,56,0.05357142857142857,0.227207782928703,0.14285714285714285,0.05357142857142857,2,agriculture
SN State CPI MM,19,0.05263157894736842,0.22941573387056174,0.2631578947368421,0.05263157894736842,1,auction
SN State CPI YY,19,0.05263157894736842,0.22941573387056174,0.2631578947368421,0.05263157894736842,1,auction
4W Bill Auc - TA*,326,0.05214723926380368,0.22266564746629794,0.13190184049079753,0.05214723926380368,2,auction
4W Bill Auc - HR*,326,0.05214723926380368,0.22266564746629794,0.13190184049079753,0.05214723926380368,2,auction
4W Bill Auc - BTC*,326,0.05214723926380368,0.22266564746629794,0.13190184049079753,0.05214723926380368,2,auction
4W Bill Auc - HAP*,326,0.05214723926380368,0.22266564746629794,0.13190184049079753,0.05214723926380368,2,auction
EIA Weekly Dist Output*,328,0.051829268292682924,0.2220208990839466,0.1798780487804878,0.051829268292682924,2,auction
EIA Weekly Prods Imports*,329,0.05167173252279635,0.2217006093916098,0.182370820668693,0.05167173252279635,3,auction
EIA Wkly Dist. Stk*,330,0.051515151515151514,0.22138169615583422,0.1787878787878788,0.051515151515151514,2,auction
EIA Weekly Crude Runs*,330,0.051515151515151514,0.22138169615583422,0.1787878787878788,0.051515151515151514,2,other
EIA Wkly Crude Stk*,330,0.051515151515151514,0.22138169615583422,0.1787878787878788,0.051515151515151514,2,auction
EIA Weekly Heatoil Stock*,330,0.051515151515151514,0.22138169615583422,0.1787878787878788,0.051515151515151514,2,auction
EIA Weekly Gasoline O/P*,330,0.051515151515151514,0.22138169615583422,0.1787878787878788,0.051515151515151514,2,other
EIA Wkly Crude Cushing*,330,0.051515151515151514,0.22138169615583422,0.1787878787878788,0.051515151515151514,2,auction
EIA Weekly Crude Imports*,330,0.051515151515151514,0.22138169615583422,0.1787878787878788,0.051515151515151514,2,auction
EIA Weekly Rfg Stocks*,330,0.051515151515151514,0.22138169615583422,0.1787878787878788,0.051515151515151514,2,auction
EIA Wkly Refn Util*,330,0.051515151515151514,0.22138169615583422,0.1787878787878788,0.051515151515151514,2,auction
Employment Change*,78,0.05128205128205128,0.22200011100008324,0.2692307692307692,0.05128205128205128,2,auction
7Y Note Auc - HY*,78,0.05128205128205128,0.22200011100008327,0.14102564102564102,0.05128205128205128,2,auction
HMRC Payrolls Change *,78,0.05128205128205128,0.22200011100008324,0.2692307692307692,0.05128205128205128,2,auction
7Y Note Auc - HAP*,78,0.05128205128205128,0.22200011100008327,0.14102564102564102,0.05128205128205128,2,auction
House Price Rightmove MM*,78,0.05128205128205128,0.22200011100008327,0.1282051282051282,0.05128205128205128,2,auction
S&P Global CONSTRUCTON PMI,78,0.05128205128205128,0.22200011100008324,0.16666666666666666,0.05128205128205128,2,auction
S&P GLOBAL PMI: MSC COMPOSITE - OUTPUT,78,0.05128205128205128,0.22200011100008324,0.16666666666666666,0.05128205128205128,2,auction
House Price Rightmove YY*,78,0.05128205128205128,0.22200011100008327,0.1282051282051282,0.05128205128205128,2,auction
7Y Note Auc - TA*,78,0.05128205128205128,0.22200011100008327,0.14102564102564102,0.05128205128205128,2,auction
7Y Note Auc - BTC*,78,0.05128205128205128,0.22200011100008327,0.14102564102564102,0.05128205128205128,2,auction
ILO Unemployment Rate*,78,0.05128205128205128,0.22200011100008324,0.2692307692307692,0.05128205128205128,2,auction
EIA Wkly Gsln Stk*,332,0.05120481927710843,0.2207479600128078,0.17771084337349397,0.05120481927710843,2,auction
CPI Tokyo  Excl Food & Energy M/M*,80,0.05,0.2193200078031751,0.1625,0.05,2,auction
"CPI, Overall Tokyo",80,0.05,0.2193200078031751,0.1625,0.05,2,auction
Dallas Fed PCE*,60,0.05,0.21978417765108277,0.18333333333333332,0.05,2,inflation
"PCE Ex Fd, Eng & Hsg (A) *",20,0.05,0.22360679774997894,0.35,0.05,2,auction
PCE Svs Exl Eng & Hsg (A) *,20,0.05,0.22360679774997894,0.35,0.05,2,auction
CPI Tokyo  Excl Food & Energy Y/Y*,80,0.05,0.2193200078031751,0.1625,0.05,2,auction
CPI Tokyo Ex fresh food YY,80,0.05,0.2193200078031751,0.1625,0.05,2,auction
Consumer Confid. Index*,62,0.04838709677419355,0.21633454320768036,0.12903225806451613,0.04838709677419355,2,other
JibunBK Comp Op Final SA,62,0.04838709677419355,0.21633454320768036,0.14516129032258066,0.04838709677419355,2,other
BOE Consumer Credit,22,0.045454545454545456,0.21320071635561044,0.09090909090909091,0.045454545454545456,2,auction
Mortgage Lending,22,0.045454545454545456,0.21320071635561044,0.09090909090909091,0.045454545454545456,2,auction
M4 Money Supply,22,0.045454545454545456,0.21320071635561044,0.09090909090909091,0.045454545454545456,2,other
Mortgage Approvals,22,0.045454545454545456,0.21320071635561044,0.09090909090909091,0.045454545454545456,2,auction
LSEG IPSOS PCSI*,22,0.045454545454545456,0.21320071635561041,0.18181818181818182,0.045454545454545456,2,other
Jobs/Applicants Ratio*,44,0.045454545454545456,0.21070705494148545,0.13636363636363635,0.045454545454545456,2,auction
Overall Comprehensive Risk,92,0.043478260869565216,0.20504855915155562,0.11956521739130435,0.043478260869565216,4,auction
Unemployment Rate SA,24,0.041666666666666664,0.20412414523193148,0.16666666666666666,0.041666666666666664,1,auction
Rich Fed Mfg Shipments,24,0.041666666666666664,0.20412414523193148,0.125,0.041666666666666664,2,auction
Unemployment Total SA,24,0.041666666666666664,0.20412414523193148,0.16666666666666666,0.041666666666666664,1,auction
U Mich Sentiment Final*,24,0.041666666666666664,0.2041241452319315,0.3333333333333333,0.041666666666666664,2,sentiment
Unemployment Chg SA,24,0.041666666666666664,0.20412414523193148,0.16666666666666666,0.041666666666666664,1,auction
"Rich Fed, Services Index",24,0.041666666666666664,0.20412414523193148,0.125,0.041666666666666664,2,auction
Rich Fed Comp. Index,24,0.041666666666666664,0.20412414523193148,0.125,0.041666666666666664,2,auction
Unemployment Total NSA,24,0.041666666666666664,0.20412414523193148,0.16666666666666666,0.041666666666666664,1,auction
JOLTS Job Openings,24,0.041666666666666664,0.2041241452319315,0.16666666666666666,0.041666666666666664,2,auction
S&P Global Comp Flash PMI,50,0.04,0.19794866372215741,0.3,0.04,2,auction
RICS Housing Survey*,76,0.039473684210526314,0.19601288894248498,0.09210526315789473,0.039473684210526314,2,auction
KC Fed Composite Index*,76,0.039473684210526314,0.19601288894248498,0.15789473684210525,0.039473684210526314,2,auction
KC Fed Manufacturing*,76,0.039473684210526314,0.19601288894248498,0.15789473684210525,0.039473684210526314,2,auction
Consumer Credit*,78,0.038461538461538464,0.19355241528469094,0.14102564102564102,0.038461538461538464,2,auction
Retail Sales Ex-Autos MM,26,0.038461538461538464,0.19611613513818402,0.11538461538461539,0.038461538461538464,2,auction
Cold Storage-Beef Stocks*,26,0.038461538461538464,0.19611613513818402,0.038461538461538464,0.038461538461538464,2,auction
Cold Storage- FCOJ Stock*,26,0.038461538461538464,0.19611613513818402,0.038461538461538464,0.038461538461538464,2,auction
BRC Retail Sales YY,78,0.038461538461538464,0.19355241528469097,0.10256410256410256,0.038461538461538464,2,auction
BBA Mortgage Rate*,78,0.038461538461538464,0.19355241528469097,0.07692307692307693,0.038461538461538464,2,auction
CPI Index Ex Fresh Food*,52,0.038461538461538464,0.19418390934515434,0.28846153846153844,0.038461538461538464,2,auction
Cold Pork Belly Stocks*,26,0.038461538461538464,0.19611613513818402,0.038461538461538464,0.038461538461538464,2,auction
Retail Ex Gas/Autos,26,0.038461538461538464,0.19611613513818402,0.11538461538461539,0.038461538461538464,2,auction
S&P GLOBAL PMI: COMPOSITE - OUTPUT,78,0.038461538461538464,0.19355241528469097,0.20512820512820512,0.038461538461538464,2,auction
Retail Control,26,0.038461538461538464,0.19611613513818402,0.11538461538461539,0.038461538461538464,2,auction
Reuters Tankan Man'f Idx,78,0.038461538461538464,0.19355241528469097,0.08974358974358974,0.038461538461538464,2,auction
Reuters Tankan N-Man Idx,80,0.0375,0.19118219820734464,0.0875,0.0375,2,auction
JOLTS Job Openings*,54,0.037037037037037035,0.19062587709298626,0.2037037037037037,0.037037037037037035,2,auction
ZEW Current Conditions *,27,0.037037037037037035,0.19245008972987526,0.1111111111111111,0.037037037037037035,1,auction
PPI Final Demand YY,28,0.03571428571428571,0.1889822365046136,0.17857142857142858,0.03571428571428571,2,inflation
PPI exFood/Energy YY,28,0.03571428571428571,0.1889822365046136,0.17857142857142858,0.03571428571428571,2,inflation
National Activity Index*,56,0.03571428571428571,0.1872563351797078,0.23214285714285715,0.03571428571428571,2,auction
PPI exFood/Energy MM,28,0.03571428571428571,0.1889822365046136,0.17857142857142858,0.03571428571428571,2,inflation
PPI ex Food/Energy/Tr MM,28,0.03571428571428571,0.1889822365046136,0.17857142857142858,0.03571428571428571,2,auction
PPI Final Demand MM,28,0.03571428571428571,0.1889822365046136,0.17857142857142858,0.03571428571428571,2,inflation
PPI ex Food/Energy/Tr YY,28,0.03571428571428571,0.1889822365046136,0.17857142857142858,0.03571428571428571,2,auction
Building Consents,29,0.034482758620689655,0.18569533817705186,0.13793103448275862,0.034482758620689655,1,auction
BW State CPI YY*,29,0.034482758620689655,0.18569533817705183,0.20689655172413793,0.034482758620689655,1,auction
NW State CPI MM*,29,0.034482758620689655,0.18569533817705183,0.1724137931034483,0.034482758620689655,1,auction
BW State CPI MM*,29,0.034482758620689655,0.18569533817705183,0.20689655172413793,0.034482758620689655,1,auction
NW State CPI YY*,29,0.034482758620689655,0.18569533817705183,0.1724137931034483,0.034482758620689655,1,auction
Reserve Assets Total*,117,0.03418803418803419,0.1824934543759523,0.15384615384615385,0.03418803418803419,3,auction
New Home Sales-Units,30,0.03333333333333333,0.18257418583505536,0.1,0.03333333333333333,2,auction
New Home Sales Chg MM,30,0.03333333333333333,0.18257418583505536,0.1,0.03333333333333333,2,auction
Texas Serv Sect Outlook*,60,0.03333333333333333,0.18102033471939252,0.13333333333333333,0.03333333333333333,2,auction
Dallas Fed Services Revenues*,62,0.03225806451612903,0.17812704394997528,0.14516129032258066,0.03225806451612903,2,pmi
6M Bill Auc - HR*,329,0.02735562310030395,0.1633658862210356,0.07598784194528875,0.02735562310030395,3,auction
6M Bill Auc - HAP*,330,0.02727272727272727,0.16312437172940727,0.07272727272727272,0.02727272727272727,2,auction
6M Bill Auc - TA*,330,0.02727272727272727,0.16312437172940727,0.07272727272727272,0.02727272727272727,2,auction
6M Bill Auc - BTC*,330,0.02727272727272727,0.16312437172940727,0.07272727272727272,0.02727272727272727,2,auction
Tertiary Ind Act NSA*,76,0.02631578947368421,0.16113631583445662,0.07894736842105263,0.02631578947368421,2,auction
"CPI, Overall Nationwide",76,0.02631578947368421,0.16113631583445662,0.2236842105263158,0.02631578947368421,2,auction
CPI Nationwide  Excl Food & Energy M/M*,76,0.02631578947368421,0.16113631583445662,0.2236842105263158,0.02631578947368421,2,auction
CPI Ex Fresh Fd and Eng,76,0.02631578947368421,0.16113631583445662,0.2236842105263158,0.02631578947368421,2,auction
HICP Final MM*,38,0.02631578947368421,0.1622214211307625,0.2631578947368421,0.02631578947368421,1,auction
"CPI, Core Nationwide YY",76,0.02631578947368421,0.16113631583445662,0.2236842105263158,0.02631578947368421,2,auction
CPI Nationwide  Excl Food & Energy Y/Y*,76,0.02631578947368421,0.16113631583445662,0.2236842105263158,0.02631578947368421,2,auction
30Y Bond Auc - HAP*,76,0.02631578947368421,0.16113631583445662,0.13157894736842105,0.02631578947368421,2,auction
Trade Balance,39,0.02564102564102564,0.16012815380508713,0.02564102564102564,0.02564102564102564,1,auction
HICP Final YY*,39,0.02564102564102564,0.1601281538050871,0.2564102564102564,0.02564102564102564,1,auction
Exports,39,0.02564102564102564,0.16012815380508713,0.02564102564102564,0.02564102564102564,1,auction
Monetary Base YY*,78,0.02564102564102564,0.15908496254525537,0.1794871794871795,0.02564102564102564,2,auction
20Y Bond Auc - HY*,78,0.02564102564102564,0.15908496254525537,0.05128205128205128,0.02564102564102564,2,auction
20Y Bond Auc - TA*,78,0.02564102564102564,0.15908496254525537,0.05128205128205128,0.02564102564102564,2,auction
10Y Note Auc - HAP*,78,0.02564102564102564,0.1590849625452554,0.0641025641025641,0.02564102564102564,2,auction
20Y Bond Auc - HAP*,78,0.02564102564102564,0.15908496254525537,0.05128205128205128,0.02564102564102564,2,auction
Ext Migration & Visitors,39,0.02564102564102564,0.1601281538050871,0.05128205128205128,0.02564102564102564,1,auction
Bean Oil Stocks*,78,0.02564102564102564,0.15908496254525537,0.08974358974358974,0.02564102564102564,2,agriculture
Estimated Migrant Arrivals,39,0.02564102564102564,0.1601281538050871,0.05128205128205128,0.02564102564102564,1,auction
CPI Final NSA *,39,0.02564102564102564,0.1601281538050871,0.2564102564102564,0.02564102564102564,1,inflation
20Y Bond Auc - BTC*,78,0.02564102564102564,0.15908496254525537,0.05128205128205128,0.02564102564102564,2,auction
10Y Note Auc - HY*,78,0.02564102564102564,0.1590849625452554,0.0641025641025641,0.02564102564102564,2,auction
30Y Bond Auc - BTC*,78,0.02564102564102564,0.1590849625452554,0.1282051282051282,0.02564102564102564,2,auction
30Y Bond Auc - TA*,78,0.02564102564102564,0.1590849625452554,0.1282051282051282,0.02564102564102564,2,auction
10Y Note Auc - BTC*,78,0.02564102564102564,0.1590849625452554,0.0641025641025641,0.02564102564102564,2,auction
Annual Trade Balance,39,0.02564102564102564,0.16012815380508713,0.02564102564102564,0.02564102564102564,1,auction
Imports,39,0.02564102564102564,0.16012815380508713,0.02564102564102564,0.02564102564102564,1,auction
10Y Note Auc - TA*,78,0.02564102564102564,0.1590849625452554,0.0641025641025641,0.02564102564102564,2,auction
30Y Bond Auc - HY*,78,0.02564102564102564,0.1590849625452554,0.1282051282051282,0.02564102564102564,2,auction
Food Price Index,39,0.02564102564102564,0.16012815380508713,0.05128205128205128,0.02564102564102564,1,inflation
NOPA-Soy Crush*,78,0.02564102564102564,0.15908496254525537,0.08974358974358974,0.02564102564102564,2,agriculture
"Federal Budget,$",80,0.025,0.15710997518871123,0.0375,0.025,2,auction
"Net L-T Flows,Incl.Swaps",84,0.023809523809523808,0.1533709949008578,0.07142857142857142,0.023809523809523808,2,auction
"Foreign Buying, T-Bonds",84,0.023809523809523808,0.1533709949008578,0.07142857142857142,0.023809523809523808,2,auction
"Net L-T Flows,Exswaps",84,0.023809523809523808,0.1533709949008578,0.07142857142857142,0.023809523809523808,2,auction
Overall Net Capital Flows,84,0.023809523809523808,0.1533709949008578,0.07142857142857142,0.023809523809523808,2,auction
CaseShiller 20 MM NSA,44,0.022727272727272728,0.1507556722888818,0.1590909090909091,0.022727272727272728,2,auction
Monthly Home Price MM*,44,0.022727272727272728,0.1507556722888818,0.1590909090909091,0.022727272727272728,2,auction
Monthly Home Price YY*,44,0.022727272727272728,0.1507556722888818,0.1590909090909091,0.022727272727272728,2,auction
Monthly Home Price Index*,44,0.022727272727272728,0.1507556722888818,0.1590909090909091,0.022727272727272728,2,auction
CaseShiller 20 MM SA,44,0.022727272727272728,0.1507556722888818,0.1590909090909091,0.022727272727272728,2,auction
3M Bill Auc - HR*,328,0.021341463414634148,0.14474072312228498,0.06097560975609756,0.021341463414634148,2,auction
3M Bill Auc - TA*,330,0.021212121212121213,0.14430964630530896,0.06060606060606061,0.021212121212121213,2,auction
3M Bill Auc - BTC*,332,0.02108433734939759,0.14388239615437504,0.060240963855421686,0.02108433734939759,2,auction
3M Bill Auc - HAP*,332,0.02108433734939759,0.14388239615437504,0.060240963855421686,0.02108433734939759,2,auction
Claimant Count Unem Chng*,54,0.018518518518518517,0.1360827634879543,0.25925925925925924,0.018518518518518517,2,auction
Exp Soybean Inspected *,332,0.018072289156626505,0.1334139942140469,0.10240963855421686,0.018072289156626505,2,agriculture
Export Corn Inspected *,332,0.018072289156626505,0.1334139942140469,0.10240963855421686,0.018072289156626505,2,agriculture
Export Wheat Inspected *,332,0.018072289156626505,0.1334139942140469,0.10240963855421686,0.018072289156626505,2,agriculture
All Household Spending MM*,56,0.017857142857142856,0.1336306209562122,0.26785714285714285,0.017857142857142856,2,auction
All Household Spending YY*,56,0.017857142857142856,0.1336306209562122,0.26785714285714285,0.017857142857142856,2,auction
Pending Sales Change MM,70,0.014285714285714285,0.11952286093343935,0.14285714285714285,0.014285714285714285,2,auction
Dallas Fed Mfg Bus Idx*,70,0.014285714285714285,0.11952286093343938,0.1,0.014285714285714285,2,other
Pending Homes Index,70,0.014285714285714285,0.11952286093343935,0.14285714285714285,0.014285714285714285,2,auction
3Y Note Auc - HAP*,78,0.01282051282051282,0.11322770341445958,0.08974358974358974,0.01282051282051282,2,auction
3Y Note Auc - BTC*,78,0.01282051282051282,0.11322770341445958,0.08974358974358974,0.01282051282051282,2,auction
3Y Note Auc - HY*,78,0.01282051282051282,0.11322770341445958,0.08974358974358974,0.01282051282051282,2,auction
3Y Note Auc - TA*,78,0.01282051282051282,0.11322770341445958,0.08974358974358974,0.01282051282051282,2,auction
12M Bill Auc - BTC*,80,0.0125,0.11180339887498951,0.0375,0.0125,2,auction
12M Bill Auc - HR*,80,0.0125,0.11180339887498951,0.0375,0.0125,2,auction
12M Bill Auc - TA*,80,0.0125,0.11180339887498951,0.0375,0.0125,2,auction
12M Bill Auc - HAP*,80,0.0125,0.11180339887498951,0.0375,0.0125,2,auction
API weekly heating oil,98,0.01020408163265306,0.10101525445522107,0.030612244897959183,0.01020408163265306,2,auction
API Wkly dist. Stk,98,0.01020408163265306,0.10101525445522107,0.030612244897959183,0.01020408163265306,2,auction
API Cushing number,98,0.01020408163265306,0.10101525445522107,0.030612244897959183,0.01020408163265306,2,auction
API wkly crude Stk,98,0.01020408163265306,0.10101525445522107,0.030612244897959183,0.01020408163265306,2,auction
API Wkly crude runs,98,0.01020408163265306,0.10101525445522107,0.030612244897959183,0.01020408163265306,2,other
API weekly crude imports,98,0.01020408163265306,0.10101525445522107,0.030612244897959183,0.01020408163265306,2,auction
API weekly product imports,98,0.01020408163265306,0.10101525445522107,0.030612244897959183,0.01020408163265306,2,auction
API Wkly gsln stk,98,0.01020408163265306,0.10101525445522107,0.030612244897959183,0.01020408163265306,2,auction
API Wkly dist. Stk *,224,0.008928571428571428,0.09427901670929752,0.03125,0.008928571428571428,2,auction
API weekly heating oil *,226,0.008849557522123894,0.0938628049621302,0.030973451327433628,0.008849557522123894,2,auction
API Cushing number *,226,0.008849557522123894,0.0938628049621302,0.030973451327433628,0.008849557522123894,2,auction
API Wkly crude runs *,232,0.008620689655172414,0.09264648213686347,0.03017241379310345,0.008620689655172414,2,other
API weekly product imports *,232,0.008620689655172414,0.09264648213686347,0.03017241379310345,0.008620689655172414,2,auction
API wkly crude Stk *,232,0.008620689655172414,0.09264648213686347,0.03017241379310345,0.008620689655172414,2,auction
API Wkly gsln stk *,234,0.008547008547008548,0.09225142875258152,0.029914529914529916,0.008547008547008548,2,auction
API weekly crude imports *,236,0.00847457627118644,0.09186138603624776,0.029661016949152543,0.00847457627118644,2,auction
Fla Orange Output 25/26 *,10,0.0,0.0,0.0,0.0,2,auction
Tankan Small Mf Idx,12,0.0,0.0,0.25,0.0,2,auction
GDP Est 3M/3M,24,0.0,0.0,0.25,0.0,2,auction
Tankan All Big Capex Est,12,0.0,0.0,0.25,0.0,2,auction
S&P Global Comp Op Flash SA,18,0.0,0.0,0.05555555555555555,0.0,2,auction
5Y Note Auc - TA*,78,0.0,0.0,0.0641025641025641,0.0,2,auction
GDP Deflator YY Prelim*,34,0.0,0.0,0.20588235294117646,0.0,2,auction
Manufacturing Output YY,24,0.0,0.0,0.25,0.0,2,auction
Construction O/P Vol MM,24,0.0,0.0,0.25,0.0,2,auction
2Y FRN HY*,76,0.0,0.0,0.07894736842105263,0.0,2,auction
Manufacturing PMI*,27,0.0,0.0,0.037037037037037035,0.0,1,auction
S&P Global SVC PMI Flash SA,18,0.0,0.0,0.05555555555555555,0.0,2,auction
GDP Flash YY SA*,11,0.0,0.0,0.09090909090909091,0.0,1,auction
GDP Flash QQ SA*,12,0.0,0.0,0.08333333333333333,0.0,1,auction
Corporate Profits Prelim*,24,0.0,0.0,0.16666666666666666,0.0,2,auction
GDP Estimate YY,24,0.0,0.0,0.25,0.0,2,auction
30Y TIPS Auc - HY*,14,0.0,0.0,0.0,0.0,2,auction
WSD-Cotton Output 25/26,24,0.0,0.0,0.041666666666666664,0.0,2,auction
Elec Card Retail Sale YY,39,0.0,0.0,0.02564102564102564,0.0,1,auction
2Y Note Auc - HAP*,78,0.0,0.0,0.01282051282051282,0.0,2,auction
Qtrly Grain Stocks-Corn,12,0.0,0.0,0.16666666666666666,0.0,2,agriculture
Cold Storage- FCOJ Stock,54,0.0,0.0,0.0,0.0,2,auction
WSD-Soybean E/S 24/25,24,0.0,0.0,0.041666666666666664,0.0,2,agriculture
5Y TIPS Auc - BTC*,24,0.0,0.0,0.08333333333333333,0.0,2,auction
WSD-Corn Exports 25/26,24,0.0,0.0,0.041666666666666664,0.0,2,agriculture
WSD-Corn Endstock 24/25,24,0.0,0.0,0.041666666666666664,0.0,2,agriculture
5Y Note Auc - HAP*,78,0.0,0.0,0.0641025641025641,0.0,2,auction
ZEW Current Conditions,12,0.0,0.0,0.0,0.0,1,auction
Business Survey Index*,30,0.0,0.0,0.16666666666666666,0.0,2,other
Export Volumes SA,12,0.0,0.0,0.0,0.0,1,auction
RBNZ Offshore Holdings*,39,0.0,0.0,0.15384615384615385,0.0,1,auction
GDP Flash YY NSA*,12,0.0,0.0,0.08333333333333333,0.0,1,auction
Nondef Cap Ex-Air R MM,32,0.0,0.0,0.25,0.0,2,other
ZEW Economic Sentiment,12,0.0,0.0,0.0,0.0,1,sentiment
"Durables Ex-Def, R MM",32,0.0,0.0,0.25,0.0,2,other
Industrial Output MM,24,0.0,0.0,0.25,0.0,2,auction
Tankan Big Mf Idx,12,0.0,0.0,0.25,0.0,2,auction
World Wheat E/S 25/26,24,0.0,0.0,0.041666666666666664,0.0,2,agriculture
WSD-Pork Output 2026,24,0.0,0.0,0.041666666666666664,0.0,2,auction
WSD-Corn Yield 25/26,24,0.0,0.0,0.041666666666666664,0.0,2,agriculture
2Y Note Auc - HY*,78,0.0,0.0,0.01282051282051282,0.0,2,auction
Goods Trade Bal. Non-EU,24,0.0,0.0,0.25,0.0,2,auction
Tankan big non-mf outlook DI,12,0.0,0.0,0.25,0.0,2,auction
Business Capex (MOF) YY*,12,0.0,0.0,0.16666666666666666,0.0,2,other
GDP QQ External Demand,26,0.0,0.0,0.2692307692307692,0.0,2,auction
5Y TIPS Auc - HY*,24,0.0,0.0,0.08333333333333333,0.0,2,auction
WSD-Corn Endstocks 25/26,24,0.0,0.0,0.041666666666666664,0.0,2,agriculture
GfK Consumer Confidence,24,0.0,0.0,0.0,0.0,2,sentiment
WSD-Beef Output 2026,24,0.0,0.0,0.041666666666666664,0.0,2,auction
WSD-Wheat Endstocks24/25,24,0.0,0.0,0.041666666666666664,0.0,2,agriculture
WSD-Soybn Endstocks 25/26,24,0.0,0.0,0.041666666666666664,0.0,2,auction
Fla Orange Output 23/24 *,32,0.0,0.0,0.09375,0.0,2,auction
GDP QQ Capital Expend.,26,0.0,0.0,0.2692307692307692,0.0,2,auction
Quarterly Hog Inventory *,30,0.0,0.0,0.0,0.0,2,auction
Industrial O/P Prelim MM SA,24,0.0,0.0,0.16666666666666666,0.0,2,auction
5Y Note Auc - BTC*,78,0.0,0.0,0.0641025641025641,0.0,2,auction
Current Acc GBP *,12,0.0,0.0,0.0,0.0,2,auction
2Y FRN HAP*,76,0.0,0.0,0.07894736842105263,0.0,2,auction
WSD-Poultry Output 2026,24,0.0,0.0,0.041666666666666664,0.0,2,auction
Qtrly Grain Stocks-Wheat,12,0.0,0.0,0.16666666666666666,0.0,2,agriculture
WSD-Soybean Exp 25/26,22,0.0,0.0,0.045454545454545456,0.0,2,agriculture
2Y Note Auc - BTC*,78,0.0,0.0,0.01282051282051282,0.0,2,auction
CPI Index Ex Fresh Food,24,0.0,0.0,0.08333333333333333,0.0,2,auction
"Durable Goods, R MM",32,0.0,0.0,0.25,0.0,2,other
Cold Pork Belly Stocks,54,0.0,0.0,0.0,0.0,2,auction
Labour Productivity*,24,0.0,0.0,0.2916666666666667,0.0,2,auction
ANZ Business Outlook*,32,0.0,0.0,0.125,0.0,1,auction
Overall Comprehensive Risk*,12,0.0,0.0,0.0,0.0,3,auction
Tankan Sm Non-Mf Outlook DI,12,0.0,0.0,0.25,0.0,2,auction
WSD-Wheat Endstocks 25/26,24,0.0,0.0,0.041666666666666664,0.0,2,agriculture
2Y Note Auc - TA*,78,0.0,0.0,0.01282051282051282,0.0,2,auction
Qtrly Grain Stocks-Soy,12,0.0,0.0,0.16666666666666666,0.0,2,auction
All Household Spending MM,22,0.0,0.0,0.045454545454545456,0.0,2,auction
Factory Ex-Transp MM,32,0.0,0.0,0.25,0.0,2,auction
ANZ Own Activity*,33,0.0,0.0,0.12121212121212122,0.0,1,auction
WSD-Soybean Output 25/26,24,0.0,0.0,0.041666666666666664,0.0,2,agriculture
World Corn E/S 25/26,22,0.0,0.0,0.0,0.0,2,agriculture
Tankan Small Non-Mf Idx,12,0.0,0.0,0.25,0.0,2,auction
S&P Global Mfg PMI Flash SA,18,0.0,0.0,0.05555555555555555,0.0,2,auction
Manufacturing Sales,14,0.0,0.0,0.0,0.0,1,auction
GDP QQ Pvt Consmp Prelim,26,0.0,0.0,0.2692307692307692,0.0,2,auction
World Soy E/S 25/26,22,0.0,0.0,0.045454545454545456,0.0,2,other
Industrial Output YY,24,0.0,0.0,0.25,0.0,2,auction
Factory Orders MM,32,0.0,0.0,0.25,0.0,2,auction
Coincident Index,22,0.0,0.0,0.045454545454545456,0.0,2,auction
Cold Storage-Beef Stocks,54,0.0,0.0,0.0,0.0,2,auction
Elec Card Retail Sale MM,39,0.0,0.0,0.02564102564102564,0.0,1,auction
WSD-Wheat Output 25/26,24,0.0,0.0,0.041666666666666664,0.0,2,agriculture
CBI Distributive Trades*,24,0.0,0.0,0.125,0.0,2,auction
5Y Note Auc - HY*,78,0.0,0.0,0.0641025641025641,0.0,2,auction
Tankan Big Non-Mf Idx,12,0.0,0.0,0.25,0.0,2,auction
RBNZ Sectoral Factor*,10,0.0,0.0,0.1,0.0,1,auction
IP Forecast 2 Mth Ahead*,24,0.0,0.0,0.16666666666666666,0.0,2,auction
Goods Trade Balance GBP,24,0.0,0.0,0.25,0.0,2,auction
Business Invest QQ *,14,0.0,0.0,0.0,0.0,2,auction
GDP Estimate MM,24,0.0,0.0,0.25,0.0,2,auction
2Y FRN Total Accp*,76,0.0,0.0,0.07894736842105263,0.0,2,auction
Tankan All Sm Capex Est,12,0.0,0.0,0.25,0.0,2,auction
Business invest YY *,14,0.0,0.0,0.0,0.0,2,auction
All Household Spending YY,22,0.0,0.0,0.045454545454545456,0.0,2,auction
30Y TIPS Auc - BTC*,14,0.0,0.0,0.0,0.0,2,auction
5Y TIPS Auc - TA*,24,0.0,0.0,0.08333333333333333,0.0,2,auction
Consumer Confidence*,20,0.0,0.0,0.1,0.0,2,sentiment
5Y TIPS Auc - HAP*,24,0.0,0.0,0.08333333333333333,0.0,2,auction
Construction Spending MM,30,0.0,0.0,0.3,0.0,2,auction
Construction O/P Vol YY,24,0.0,0.0,0.25,0.0,2,auction
Manufacturing Output MM,24,0.0,0.0,0.25,0.0,2,auction
Westpac Consumer Survey,10,0.0,0.0,0.2,0.0,1,auction
WSD-Corn Output 25/26,24,0.0,0.0,0.041666666666666664,0.0,2,agriculture
WSD-Soybean Yield 25/26,24,0.0,0.0,0.041666666666666664,0.0,2,agriculture
2Y FRN BTC Ratio*,76,0.0,0.0,0.07894736842105263,0.0,2,auction
30Y TIPS Auc - HAP*,14,0.0,0.0,0.0,0.0,2,auction
Durables Ex-Transpt R MM,32,0.0,0.0,0.25,0.0,2,auction
30Y TIPS Auc - TA*,14,0.0,0.0,0.0,0.0,2,auction
Tankan Big Mf Outlook DI,12,0.0,0.0,0.25,0.0,2,auction
WSD-Cottn Endstocks 25/26,24,0.0,0.0,0.041666666666666664,0.0,2,auction
Tankan Sm Mf Outlook DI,12,0.0,0.0,0.25,0.0,2,auction
